{"attribute":"$func","cut":0,"classification":true,"children":[{"attribute":"my_inv$b0000","cut":0,"classification":true,"children":[{"attribute":"","cut":0,"classification":false,"children":null},{"attribute":"my_inv$b0009","cut":0,"classification":true,"children":[{"attribute":"","cut":0,"classification":false,"children":null},{"attribute":"my_inv$b0010","cut":0,"classification":true,"children":[{"attribute":"","cut":0,"classification":false,"children":null},{"attribute":"my_inv$b0174","cut":0,"classification":true,"children":[{"attribute":"","cut":0,"classification":false,"children":null},{"attribute":"my_inv$b0175","cut":0,"classification":true,"children":[{"attribute":"","cut":0,"classification":false,"children":null},{"attribute":"my_inv$b0176","cut":0,"classification":true,"children":[{"attribute":"","cut":0,"classification":false,"children":null},{"attribute":"my_inv$b0177","cut":0,"classification":true,"children":[{"attribute":"","cut":0,"classification":false,"children":null},{"attribute":"my_inv$b0178","cut":0,"classification":true,"children":[{"attribute":"","cut":0,"classification":false,"children":null},{"attribute":"my_inv$b0179","cut":0,"classification":true,"children":[{"attribute":"","cut":0,"classification":false,"children":null},{"attribute":"my_inv$b0180","cut":0,"classification":true,"children":[{"attribute":"","cut":0,"classification":false,"children":null},{"attribute":"my_inv$b0181","cut":0,"classification":true,"children":[{"attribute":"","cut":0,"classification":false,"children":null},{"attribute":"my_inv$b0182","cut":0,"classification":true,"children":[{"attribute":"","cut":0,"classification":false,"children":null},{"attribute":"my_inv$b0183","cut":0,"classification":true,"children":[{"attribute":"","cut":0,"classification":false,"children":null},{"attribute":"my_inv$b0184","cut":0,"classification":true,"children":[{"attribute":"","cut":0,"classification":false,"children":null},{"attribute":"my_inv$b0185","cut":0,"classification":true,"children":[{"attribute":"","cut":0,"classification":false,"children":null},{"attribute":"my_inv$b0186","cut":0,"classification":true,"children":[{"attribute":"","cut":0,"classification":false,"children":null},{"attribute":"my_inv$b0187","cut":0,"classification":true,"children":[{"attribute":"","cut":0,"classification":false,"children":null},{"attribute":"my_inv$b0188","cut":0,"classification":true,"children":[{"attribute":"","cut":0,"classification":false,"children":null},{"attribute":"my_inv$b0189","cut":0,"classification":true,"children":[{"attribute":"","cut":0,"classification":false,"children":null},{"attribute":"","cut":0,"classification":true,"children":null}]}]}]}]}]}]}]}]}]}]}]}]}]}]}]}]}]}]}]}]}