{"attribute":"$func","cut":0,"classification":true,"children":[{"attribute":"my_inv1$b0000","cut":0,"classification":true,"children":[{"attribute":"","cut":0,"classification":false,"children":null},{"attribute":"my_inv1$b0001","cut":0,"classification":true,"children":[{"attribute":"","cut":0,"classification":false,"children":null},{"attribute":"my_inv1$b0002","cut":0,"classification":true,"children":[{"attribute":"","cut":0,"classification":false,"children":null},{"attribute":"my_inv1$b0008","cut":0,"classification":true,"children":[{"attribute":"","cut":0,"classification":false,"children":null},{"attribute":"","cut":0,"classification":true,"children":null}]}]}]}]}]}