{"attribute":"$func","cut":0,"classification":true,"children":[{"attribute":"my_inv$b0000","cut":0,"classification":true,"children":[{"attribute":"","cut":0,"classification":false,"children":null},{"attribute":"my_inv$b0001","cut":0,"classification":true,"children":[{"attribute":"","cut":0,"classification":false,"children":null},{"attribute":"my_inv$b0002","cut":0,"classification":true,"children":[{"attribute":"","cut":0,"classification":false,"children":null},{"attribute":"my_inv$b0005","cut":0,"classification":true,"children":[{"attribute":"","cut":0,"classification":false,"children":null},{"attribute":"my_inv$b0006","cut":0,"classification":true,"children":[{"attribute":"","cut":0,"classification":false,"children":null},{"attribute":"my_inv$b0008","cut":0,"classification":true,"children":[{"attribute":"","cut":0,"classification":false,"children":null},{"attribute":"my_inv$b0009","cut":0,"classification":true,"children":[{"attribute":"","cut":0,"classification":false,"children":null},{"attribute":"my_inv$b0010","cut":0,"classification":true,"children":[{"attribute":"","cut":0,"classification":false,"children":null},{"attribute":"my_inv$b0012","cut":0,"classification":true,"children":[{"attribute":"","cut":0,"classification":false,"children":null},{"attribute":"my_inv$b0013","cut":0,"classification":true,"children":[{"attribute":"","cut":0,"classification":false,"children":null},{"attribute":"my_inv$b0014","cut":0,"classification":true,"children":[{"attribute":"","cut":0,"classification":false,"children":null},{"attribute":"my_inv$b0016","cut":0,"classification":true,"children":[{"attribute":"","cut":0,"classification":false,"children":null},{"attribute":"my_inv$b0017","cut":0,"classification":true,"children":[{"attribute":"","cut":0,"classification":false,"children":null},{"attribute":"my_inv$b0018","cut":0,"classification":true,"children":[{"attribute":"","cut":0,"classification":false,"children":null},{"attribute":"","cut":0,"classification":true,"children":null}]}]}]}]}]}]}]}]}]}]}]}]}]}]}]}