{"attribute":"$func","cut":0,"classification":true,"children":[{"attribute":"my_inv$b0000","cut":0,"classification":true,"children":[{"attribute":"","cut":0,"classification":false,"children":null},{"attribute":"my_inv$b0009","cut":0,"classification":true,"children":[{"attribute":"","cut":0,"classification":false,"children":null},{"attribute":"my_inv$b0010","cut":0,"classification":true,"children":[{"attribute":"","cut":0,"classification":false,"children":null},{"attribute":"my_inv$b0160","cut":0,"classification":true,"children":[{"attribute":"","cut":0,"classification":false,"children":null},{"attribute":"my_inv$b0161","cut":0,"classification":true,"children":[{"attribute":"","cut":0,"classification":false,"children":null},{"attribute":"my_inv$b0162","cut":0,"classification":true,"children":[{"attribute":"","cut":0,"classification":false,"children":null},{"attribute":"my_inv$b0163","cut":0,"classification":true,"children":[{"attribute":"","cut":0,"classification":false,"children":null},{"attribute":"my_inv$b0164","cut":0,"classification":true,"children":[{"attribute":"","cut":0,"classification":false,"children":null},{"attribute":"my_inv$b0165","cut":0,"classification":true,"children":[{"attribute":"","cut":0,"classification":false,"children":null},{"attribute":"my_inv$b0166","cut":0,"classification":true,"children":[{"attribute":"","cut":0,"classification":false,"children":null},{"attribute":"my_inv$b0167","cut":0,"classification":true,"children":[{"attribute":"","cut":0,"classification":false,"children":null},{"attribute":"my_inv$b0168","cut":0,"classification":true,"children":[{"attribute":"","cut":0,"classification":false,"children":null},{"attribute":"my_inv$b0169","cut":0,"classification":true,"children":[{"attribute":"","cut":0,"classification":false,"children":null},{"attribute":"my_inv$b0170","cut":0,"classification":true,"children":[{"attribute":"","cut":0,"classification":false,"children":null},{"attribute":"my_inv$b0171","cut":0,"classification":true,"children":[{"attribute":"","cut":0,"classification":false,"children":null},{"attribute":"my_inv$b0172","cut":0,"classification":true,"children":[{"attribute":"","cut":0,"classification":false,"children":null},{"attribute":"my_inv$b0173","cut":0,"classification":true,"children":[{"attribute":"","cut":0,"classification":false,"children":null},{"attribute":"my_inv$b0174","cut":0,"classification":true,"children":[{"attribute":"","cut":0,"classification":false,"children":null},{"attribute":"my_inv$b0175","cut":0,"classification":true,"children":[{"attribute":"","cut":0,"classification":false,"children":null},{"attribute":"","cut":0,"classification":true,"children":null}]}]}]}]}]}]}]}]}]}]}]}]}]}]}]}]}]}]}]}]}