{"attribute":"$func","cut":0,"classification":true,"children":[{"attribute":"my_inv$b0000","cut":0,"classification":true,"children":[{"attribute":"","cut":0,"classification":false,"children":null},{"attribute":"my_inv$b0001","cut":0,"classification":true,"children":[{"attribute":"","cut":0,"classification":false,"children":null},{"attribute":"my_inv$b0003","cut":0,"classification":true,"children":[{"attribute":"","cut":0,"classification":false,"children":null},{"attribute":"my_inv$b0005","cut":0,"classification":true,"children":[{"attribute":"","cut":0,"classification":false,"children":null},{"attribute":"my_inv$b0006","cut":0,"classification":true,"children":[{"attribute":"","cut":0,"classification":false,"children":null},{"attribute":"my_inv$b0007","cut":0,"classification":true,"children":[{"attribute":"","cut":0,"classification":false,"children":null},{"attribute":"my_inv$b0010","cut":0,"classification":true,"children":[{"attribute":"","cut":0,"classification":false,"children":null},{"attribute":"my_inv$b0011","cut":0,"classification":true,"children":[{"attribute":"","cut":0,"classification":false,"children":null},{"attribute":"my_inv$b0013","cut":0,"classification":true,"children":[{"attribute":"","cut":0,"classification":false,"children":null},{"attribute":"my_inv$b0015","cut":0,"classification":true,"children":[{"attribute":"","cut":0,"classification":false,"children":null},{"attribute":"my_inv$b0016","cut":0,"classification":true,"children":[{"attribute":"","cut":0,"classification":false,"children":null},{"attribute":"my_inv$b0017","cut":0,"classification":true,"children":[{"attribute":"","cut":0,"classification":false,"children":null},{"attribute":"my_inv$b0019","cut":0,"classification":true,"children":[{"attribute":"","cut":0,"classification":false,"children":null},{"attribute":"my_inv$b0020","cut":0,"classification":true,"children":[{"attribute":"","cut":0,"classification":false,"children":null},{"attribute":"my_inv$b0022","cut":0,"classification":true,"children":[{"attribute":"","cut":0,"classification":false,"children":null},{"attribute":"my_inv$b0024","cut":0,"classification":true,"children":[{"attribute":"","cut":0,"classification":false,"children":null},{"attribute":"my_inv$b0025","cut":0,"classification":true,"children":[{"attribute":"","cut":0,"classification":false,"children":null},{"attribute":"my_inv$b0026","cut":0,"classification":true,"children":[{"attribute":"","cut":0,"classification":false,"children":null},{"attribute":"my_inv$b0027","cut":0,"classification":true,"children":[{"attribute":"","cut":0,"classification":false,"children":null},{"attribute":"my_inv$b0028","cut":0,"classification":true,"children":[{"attribute":"","cut":0,"classification":false,"children":null},{"attribute":"my_inv$b0029","cut":0,"classification":true,"children":[{"attribute":"","cut":0,"classification":false,"children":null},{"attribute":"my_inv$b0030","cut":0,"classification":true,"children":[{"attribute":"","cut":0,"classification":false,"children":null},{"attribute":"my_inv$b0031","cut":0,"classification":true,"children":[{"attribute":"","cut":0,"classification":false,"children":null},{"attribute":"my_inv$b0033","cut":0,"classification":true,"children":[{"attribute":"","cut":0,"classification":false,"children":null},{"attribute":"my_inv$b0035","cut":0,"classification":true,"children":[{"attribute":"","cut":0,"classification":false,"children":null},{"attribute":"my_inv$b0036","cut":0,"classification":true,"children":[{"attribute":"","cut":0,"classification":false,"children":null},{"attribute":"my_inv$b0037","cut":0,"classification":true,"children":[{"attribute":"","cut":0,"classification":false,"children":null},{"attribute":"my_inv$b0038","cut":0,"classification":true,"children":[{"attribute":"","cut":0,"classification":false,"children":null},{"attribute":"my_inv$b0040","cut":0,"classification":true,"children":[{"attribute":"","cut":0,"classification":false,"children":null},{"attribute":"my_inv$b0041","cut":0,"classification":true,"children":[{"attribute":"","cut":0,"classification":false,"children":null},{"attribute":"my_inv$b0043","cut":0,"classification":true,"children":[{"attribute":"","cut":0,"classification":false,"children":null},{"attribute":"my_inv$b0045","cut":0,"classification":true,"children":[{"attribute":"","cut":0,"classification":false,"children":null},{"attribute":"my_inv$b0046","cut":0,"classification":true,"children":[{"attribute":"","cut":0,"classification":false,"children":null},{"attribute":"my_inv$b0047","cut":0,"classification":true,"children":[{"attribute":"","cut":0,"classification":false,"children":null},{"attribute":"my_inv$b0048","cut":0,"classification":true,"children":[{"attribute":"","cut":0,"classification":false,"children":null},{"attribute":"my_inv$b0049","cut":0,"classification":true,"children":[{"attribute":"","cut":0,"classification":false,"children":null},{"attribute":"my_inv$b0050","cut":0,"classification":true,"children":[{"attribute":"","cut":0,"classification":false,"children":null},{"attribute":"my_inv$b0052","cut":0,"classification":true,"children":[{"attribute":"","cut":0,"classification":false,"children":null},{"attribute":"my_inv$b0054","cut":0,"classification":true,"children":[{"attribute":"","cut":0,"classification":false,"children":null},{"attribute":"my_inv$b0055","cut":0,"classification":true,"children":[{"attribute":"","cut":0,"classification":false,"children":null},{"attribute":"my_inv$b0056","cut":0,"classification":true,"children":[{"attribute":"","cut":0,"classification":false,"children":null},{"attribute":"my_inv$b0057","cut":0,"classification":true,"children":[{"attribute":"","cut":0,"classification":false,"children":null},{"attribute":"my_inv$b0059","cut":0,"classification":true,"children":[{"attribute":"","cut":0,"classification":false,"children":null},{"attribute":"my_inv$b0060","cut":0,"classification":true,"children":[{"attribute":"","cut":0,"classification":false,"children":null},{"attribute":"my_inv$b0061","cut":0,"classification":true,"children":[{"attribute":"","cut":0,"classification":false,"children":null},{"attribute":"my_inv$b0063","cut":0,"classification":true,"children":[{"attribute":"","cut":0,"classification":false,"children":null},{"attribute":"my_inv$b0065","cut":0,"classification":true,"children":[{"attribute":"","cut":0,"classification":false,"children":null},{"attribute":"my_inv$b0067","cut":0,"classification":true,"children":[{"attribute":"","cut":0,"classification":false,"children":null},{"attribute":"my_inv$b0068","cut":0,"classification":true,"children":[{"attribute":"","cut":0,"classification":false,"children":null},{"attribute":"my_inv$b0069","cut":0,"classification":true,"children":[{"attribute":"","cut":0,"classification":false,"children":null},{"attribute":"my_inv$b0070","cut":0,"classification":true,"children":[{"attribute":"","cut":0,"classification":false,"children":null},{"attribute":"my_inv$b0071","cut":0,"classification":true,"children":[{"attribute":"","cut":0,"classification":false,"children":null},{"attribute":"my_inv$b0072","cut":0,"classification":true,"children":[{"attribute":"","cut":0,"classification":false,"children":null},{"attribute":"my_inv$b0073","cut":0,"classification":true,"children":[{"attribute":"","cut":0,"classification":false,"children":null},{"attribute":"my_inv$b0075","cut":0,"classification":true,"children":[{"attribute":"","cut":0,"classification":false,"children":null},{"attribute":"my_inv$b0077","cut":0,"classification":true,"children":[{"attribute":"","cut":0,"classification":false,"children":null},{"attribute":"my_inv$b0078","cut":0,"classification":true,"children":[{"attribute":"","cut":0,"classification":false,"children":null},{"attribute":"my_inv$b0079","cut":0,"classification":true,"children":[{"attribute":"","cut":0,"classification":false,"children":null},{"attribute":"my_inv$b0080","cut":0,"classification":true,"children":[{"attribute":"","cut":0,"classification":false,"children":null},{"attribute":"my_inv$b0081","cut":0,"classification":true,"children":[{"attribute":"","cut":0,"classification":false,"children":null},{"attribute":"my_inv$b0082","cut":0,"classification":true,"children":[{"attribute":"","cut":0,"classification":false,"children":null},{"attribute":"my_inv$b0084","cut":0,"classification":true,"children":[{"attribute":"","cut":0,"classification":false,"children":null},{"attribute":"my_inv$b0086","cut":0,"classification":true,"children":[{"attribute":"","cut":0,"classification":false,"children":null},{"attribute":"my_inv$b0087","cut":0,"classification":true,"children":[{"attribute":"","cut":0,"classification":false,"children":null},{"attribute":"my_inv$b0089","cut":0,"classification":true,"children":[{"attribute":"","cut":0,"classification":false,"children":null},{"attribute":"my_inv$b0091","cut":0,"classification":true,"children":[{"attribute":"","cut":0,"classification":false,"children":null},{"attribute":"my_inv$b0092","cut":0,"classification":true,"children":[{"attribute":"","cut":0,"classification":false,"children":null},{"attribute":"my_inv$b0093","cut":0,"classification":true,"children":[{"attribute":"","cut":0,"classification":false,"children":null},{"attribute":"my_inv$b0094","cut":0,"classification":true,"children":[{"attribute":"","cut":0,"classification":false,"children":null},{"attribute":"my_inv$b0095","cut":0,"classification":true,"children":[{"attribute":"","cut":0,"classification":false,"children":null},{"attribute":"my_inv$b0096","cut":0,"classification":true,"children":[{"attribute":"","cut":0,"classification":false,"children":null},{"attribute":"my_inv$b0097","cut":0,"classification":true,"children":[{"attribute":"","cut":0,"classification":false,"children":null},{"attribute":"my_inv$b0099","cut":0,"classification":true,"children":[{"attribute":"","cut":0,"classification":false,"children":null},{"attribute":"my_inv$b0101","cut":0,"classification":true,"children":[{"attribute":"","cut":0,"classification":false,"children":null},{"attribute":"my_inv$b0102","cut":0,"classification":true,"children":[{"attribute":"","cut":0,"classification":false,"children":null},{"attribute":"my_inv$b0103","cut":0,"classification":true,"children":[{"attribute":"","cut":0,"classification":false,"children":null},{"attribute":"my_inv$b0104","cut":0,"classification":true,"children":[{"attribute":"","cut":0,"classification":false,"children":null},{"attribute":"my_inv$b0105","cut":0,"classification":true,"children":[{"attribute":"","cut":0,"classification":false,"children":null},{"attribute":"my_inv$b0106","cut":0,"classification":true,"children":[{"attribute":"","cut":0,"classification":false,"children":null},{"attribute":"my_inv$b0107","cut":0,"classification":true,"children":[{"attribute":"","cut":0,"classification":false,"children":null},{"attribute":"my_inv$b0108","cut":0,"classification":true,"children":[{"attribute":"","cut":0,"classification":false,"children":null},{"attribute":"my_inv$b0109","cut":0,"classification":true,"children":[{"attribute":"","cut":0,"classification":false,"children":null},{"attribute":"my_inv$b0112","cut":0,"classification":true,"children":[{"attribute":"","cut":0,"classification":false,"children":null},{"attribute":"my_inv$b0113","cut":0,"classification":true,"children":[{"attribute":"","cut":0,"classification":false,"children":null},{"attribute":"my_inv$b0114","cut":0,"classification":true,"children":[{"attribute":"","cut":0,"classification":false,"children":null},{"attribute":"my_inv$b0115","cut":0,"classification":true,"children":[{"attribute":"","cut":0,"classification":false,"children":null},{"attribute":"my_inv$b0116","cut":0,"classification":true,"children":[{"attribute":"","cut":0,"classification":false,"children":null},{"attribute":"my_inv$b0117","cut":0,"classification":true,"children":[{"attribute":"","cut":0,"classification":false,"children":null},{"attribute":"my_inv$b0118","cut":0,"classification":true,"children":[{"attribute":"","cut":0,"classification":false,"children":null},{"attribute":"my_inv$b0119","cut":0,"classification":true,"children":[{"attribute":"","cut":0,"classification":false,"children":null},{"attribute":"my_inv$b0120","cut":0,"classification":true,"children":[{"attribute":"","cut":0,"classification":false,"children":null},{"attribute":"my_inv$b0121","cut":0,"classification":true,"children":[{"attribute":"","cut":0,"classification":false,"children":null},{"attribute":"my_inv$b0122","cut":0,"classification":true,"children":[{"attribute":"","cut":0,"classification":false,"children":null},{"attribute":"my_inv$b0123","cut":0,"classification":true,"children":[{"attribute":"","cut":0,"classification":false,"children":null},{"attribute":"my_inv$b0124","cut":0,"classification":true,"children":[{"attribute":"","cut":0,"classification":false,"children":null},{"attribute":"my_inv$b0125","cut":0,"classification":true,"children":[{"attribute":"","cut":0,"classification":false,"children":null},{"attribute":"my_inv$b0126","cut":0,"classification":true,"children":[{"attribute":"","cut":0,"classification":false,"children":null},{"attribute":"my_inv$b0127","cut":0,"classification":true,"children":[{"attribute":"","cut":0,"classification":false,"children":null},{"attribute":"my_inv$b0128","cut":0,"classification":true,"children":[{"attribute":"","cut":0,"classification":false,"children":null},{"attribute":"my_inv$b0129","cut":0,"classification":true,"children":[{"attribute":"","cut":0,"classification":false,"children":null},{"attribute":"my_inv$b0130","cut":0,"classification":true,"children":[{"attribute":"","cut":0,"classification":false,"children":null},{"attribute":"my_inv$b0131","cut":0,"classification":true,"children":[{"attribute":"","cut":0,"classification":false,"children":null},{"attribute":"my_inv$b0133","cut":0,"classification":true,"children":[{"attribute":"","cut":0,"classification":false,"children":null},{"attribute":"my_inv$b0134","cut":0,"classification":true,"children":[{"attribute":"","cut":0,"classification":false,"children":null},{"attribute":"my_inv$b0135","cut":0,"classification":true,"children":[{"attribute":"","cut":0,"classification":false,"children":null},{"attribute":"my_inv$b0136","cut":0,"classification":true,"children":[{"attribute":"","cut":0,"classification":false,"children":null},{"attribute":"my_inv$b0137","cut":0,"classification":true,"children":[{"attribute":"","cut":0,"classification":false,"children":null},{"attribute":"","cut":0,"classification":true,"children":null}]}]}]}]}]}]}]}]}]}]}]}]}]}]}]}]}]}]}]}]}]}]}]}]}]}]}]}]}]}]}]}]}]}]}]}]}]}]}]}]}]}]}]}]}]}]}]}]}]}]}]}]}]}]}]}]}]}]}]}]}]}]}]}]}]}]}]}]}]}]}]}]}]}]}]}]}]}]}]}]}]}]}]}]}]}]}]}]}]}]}]}]}]}]}]}]}]}]}]}]}]}]}]}]}]}]}]}]}